4556872.wav-index2.wav, happy,happy,angry,fearful,neutral,sad,surprised
4556872.wav-index1-20.wav, happy,happy,angry,fearful,neutral,sad,surprised
4556872.wav-index1-15.wav, happy,happy,angry,fearful,neutral,sad,surprised
4556872.wav-index1.wav, happy,happy,angry,fearful,neutral,sad,surprised
4556872.wav-index2-15.wav, angry,angry,happy,fearful,neutral,sad,surprised
4556872.wav-index2-20.wav, angry,angry,happy,fearful,neutral,sad,surprised
4548024.wav-index2.wav, angry,angry,happy,fearful,neutral,sad,surprised
4548024.wav-index1-20.wav, happy,happy,angry,fearful,neutral,surprised,sad
4548024.wav-index1-15.wav, happy,happy,angry,neutral,fearful,surprised,sad
4548024.wav-index1.wav, happy,happy,angry,fearful,neutral,sad,surprised
4548024.wav-index2-15.wav, angry,angry,happy,fearful,neutral,sad,surprised
4548024.wav-index2-20.wav, angry,angry,happy,fearful,neutral,sad,surprised
4557220.wav-index2.wav, happy,happy,angry,fearful,neutral,sad,surprised
4557220.wav-index1-20.wav, happy,happy,angry,fearful,neutral,surprised,sad
4557220.wav-index1-15.wav, happy,happy,angry,fearful,neutral,sad,surprised
4557220.wav-index1.wav, happy,happy,angry,fearful,neutral,sad,surprised
4557220.wav-index2-15.wav, happy,happy,angry,neutral,fearful,surprised,sad
4557220.wav-index2-20.wav, happy,happy,angry,neutral,fearful,surprised,sad
4615360.wav-index2.wav, happy,happy,angry,fearful,neutral,sad,surprised
4615360.wav-index1-20.wav, angry,angry,happy,fearful,neutral,sad,surprised
4615360.wav-index1-15.wav, happy,happy,angry,fearful,neutral,surprised,sad
4615360.wav-index1.wav, happy,happy,angry,fearful,neutral,surprised,sad
4615360.wav-index2-15.wav, happy,happy,angry,neutral,fearful,surprised,sad
4615360.wav-index2-20.wav, happy,happy,angry,fearful,neutral,sad,surprised
4558935.wav-index2.wav, angry,angry,happy,fearful,neutral,sad,surprised
4558935.wav-index1-20.wav, happy,happy,angry,fearful,neutral,sad,surprised
4558935.wav-index1-15.wav, happy,happy,angry,fearful,neutral,surprised,sad
4558935.wav-index1.wav, happy,happy,angry,fearful,neutral,sad,surprised
4558935.wav-index2-15.wav, happy,happy,angry,fearful,neutral,sad,surprised
4558935.wav-index2-20.wav, happy,happy,angry,fearful,neutral,sad,surprised
4538479.wav-index2.wav, happy,happy,angry,fearful,neutral,sad,surprised
4538479.wav-index1-20.wav, happy,happy,angry,fearful,neutral,sad,surprised
4538479.wav-index1-15.wav, happy,happy,angry,neutral,fearful,surprised,sad
4538479.wav-index1.wav, happy,happy,angry,fearful,neutral,sad,surprised
4538479.wav-index2-15.wav, happy,happy,angry,neutral,fearful,surprised,sad
4538479.wav-index2-20.wav, happy,happy,angry,neutral,fearful,surprised,sad
4556985.wav-index2.wav, happy,happy,angry,fearful,neutral,sad,surprised
4556985.wav-index1-20.wav, happy,happy,angry,neutral,fearful,surprised,sad
4556985.wav-index1-15.wav, happy,happy,angry,neutral,fearful,surprised,sad
4556985.wav-index1.wav, happy,happy,angry,fearful,neutral,sad,surprised
4556985.wav-index2-15.wav, happy,happy,angry,fearful,neutral,surprised,sad
4556985.wav-index2-20.wav, happy,happy,angry,fearful,neutral,sad,surprised
4611196.wav-index2.wav, angry,angry,happy,fearful,neutral,sad,surprised
4611196.wav-index1-20.wav, happy,happy,angry,fearful,neutral,sad,surprised
4611196.wav-index1-15.wav, happy,happy,angry,fearful,neutral,sad,surprised
4611196.wav-index1.wav, happy,happy,angry,fearful,neutral,sad,surprised
4611196.wav-index2-15.wav, angry,angry,happy,fearful,neutral,sad,surprised
4611196.wav-index2-20.wav, happy,happy,angry,fearful,neutral,sad,surprised
4563858.wav-index2.wav, happy,happy,angry,fearful,neutral,sad,surprised
4563858.wav-index1-20.wav, happy,happy,angry,fearful,neutral,sad,surprised
4563858.wav-index1-15.wav, happy,happy,angry,fearful,neutral,surprised,sad
4563858.wav-index1.wav, happy,happy,angry,fearful,neutral,sad,surprised
4563858.wav-index2-15.wav, happy,happy,angry,fearful,neutral,sad,surprised
4563858.wav-index2-20.wav, happy,happy,angry,fearful,neutral,sad,surprised
4627136.wav-index2.wav, happy,happy,angry,fearful,neutral,sad,surprised
4627136.wav-index1-20.wav, happy,happy,angry,fearful,neutral,surprised,sad
4627136.wav-index1-15.wav, happy,happy,angry,fearful,neutral,sad,surprised
4627136.wav-index1.wav, happy,happy,angry,fearful,neutral,sad,surprised
4627136.wav-index2-15.wav, happy,happy,angry,fearful,neutral,sad,surprised
4627136.wav-index2-20.wav, happy,happy,angry,fearful,neutral,sad,surprised
4601109.wav-index2.wav, happy,happy,angry,fearful,neutral,sad,surprised
4601109.wav-index1-20.wav, happy,happy,angry,fearful,neutral,surprised,sad
4601109.wav-index1-15.wav, happy,happy,angry,fearful,neutral,sad,surprised
4601109.wav-index1.wav, happy,happy,angry,fearful,neutral,sad,surprised
4601109.wav-index2-15.wav, happy,happy,angry,fearful,neutral,surprised,sad
4601109.wav-index2-20.wav, happy,happy,angry,fearful,neutral,sad,surprised
4604448.wav-index2.wav, happy,happy,angry,fearful,neutral,sad,surprised
4604448.wav-index1-20.wav, angry,angry,happy,fearful,neutral,sad,surprised
4604448.wav-index1-15.wav, happy,happy,angry,fearful,neutral,sad,surprised
4604448.wav-index1.wav, happy,happy,angry,fearful,neutral,sad,surprised
4604448.wav-index2-15.wav, happy,happy,angry,fearful,neutral,sad,surprised
4604448.wav-index2-20.wav, happy,happy,angry,fearful,neutral,sad,surprised
4611170.wav-index2.wav, happy,happy,angry,fearful,neutral,sad,surprised
4611170.wav-index1-20.wav, happy,happy,angry,fearful,neutral,surprised,sad
4611170.wav-index1-15.wav, happy,happy,angry,neutral,fearful,surprised,sad
4611170.wav-index1.wav, happy,happy,angry,fearful,neutral,sad,surprised
4611170.wav-index2-15.wav, happy,happy,angry,fearful,neutral,surprised,sad
4611170.wav-index2-20.wav, happy,happy,angry,fearful,neutral,sad,surprised
4678282.wav-index2.wav, happy,happy,angry,fearful,neutral,sad,surprised
4678282.wav-index1-20.wav, happy,happy,angry,fearful,neutral,sad,surprised
4678282.wav-index1-15.wav, happy,happy,angry,fearful,neutral,surprised,sad
4678282.wav-index1.wav, happy,happy,angry,fearful,neutral,sad,surprised
4678282.wav-index2-15.wav, happy,happy,angry,fearful,neutral,sad,surprised
4678282.wav-index2-20.wav, happy,happy,angry,fearful,neutral,surprised,sad
4611681.wav-index2.wav, happy,happy,angry,fearful,neutral,sad,surprised
4611681.wav-index1-20.wav, happy,happy,angry,fearful,neutral,sad,surprised
4611681.wav-index1-15.wav, happy,happy,angry,fearful,neutral,surprised,sad
4611681.wav-index1.wav, happy,happy,angry,fearful,neutral,sad,surprised
4611681.wav-index2-15.wav, happy,happy,angry,fearful,neutral,surprised,sad
4611681.wav-index2-20.wav, happy,happy,angry,fearful,neutral,surprised,sad
4538807.wav-index2.wav, happy,happy,angry,fearful,neutral,sad,surprised
4538807.wav-index1-20.wav, happy,happy,angry,fearful,neutral,surprised,sad
4538807.wav-index1-15.wav, happy,happy,angry,fearful,neutral,sad,surprised
4538807.wav-index1.wav, happy,happy,angry,fearful,neutral,sad,surprised
4538807.wav-index2-15.wav, happy,happy,angry,fearful,neutral,surprised,sad
4538807.wav-index2-20.wav, angry,angry,happy,fearful,neutral,sad,surprised
3981803.wav-index2.wav, happy,happy,angry,fearful,neutral,sad,surprised
3981803.wav-index1-20.wav, angry,angry,happy,fearful,neutral,surprised,sad
3981803.wav-index1-15.wav, happy,happy,angry,fearful,neutral,surprised,sad
3981803.wav-index1.wav, happy,happy,angry,fearful,neutral,sad,surprised
3981803.wav-index2-15.wav, happy,happy,angry,fearful,neutral,sad,surprised
3981803.wav-index2-20.wav, happy,happy,angry,fearful,neutral,surprised,sad
4549873.wav-index2.wav, happy,happy,angry,fearful,neutral,sad,surprised
4549873.wav-index1-20.wav, happy,happy,angry,fearful,neutral,sad,surprised
4549873.wav-index1-15.wav, happy,happy,angry,fearful,neutral,sad,surprised
4549873.wav-index1.wav, happy,happy,angry,fearful,neutral,sad,surprised
4549873.wav-index2-15.wav, happy,happy,angry,fearful,neutral,sad,surprised
4549873.wav-index2-20.wav, happy,happy,angry,fearful,neutral,sad,surprised
4611166.wav-index2.wav, happy,happy,angry,fearful,neutral,sad,surprised
4611166.wav-index1-20.wav, happy,happy,angry,neutral,fearful,surprised,sad
4611166.wav-index1-15.wav, happy,happy,angry,neutral,fearful,surprised,sad
4611166.wav-index1.wav, happy,happy,angry,fearful,neutral,surprised,sad
4611166.wav-index2-15.wav, happy,happy,angry,fearful,neutral,surprised,sad
4611166.wav-index2-20.wav, happy,happy,angry,fearful,neutral,surprised,sad
4548851.wav-index2.wav, happy,happy,angry,fearful,neutral,sad,surprised
4548851.wav-index1-20.wav, angry,angry,happy,fearful,neutral,sad,surprised
4548851.wav-index1-15.wav, angry,angry,happy,fearful,neutral,sad,surprised
4548851.wav-index1.wav, happy,happy,angry,fearful,neutral,sad,surprised
4548851.wav-index2-15.wav, happy,happy,angry,fearful,neutral,sad,surprised
4548851.wav-index2-20.wav, happy,happy,angry,fearful,neutral,sad,surprised
4527615.wav-index2.wav, angry,angry,happy,fearful,neutral,sad,surprised
4527615.wav-index1-20.wav, happy,happy,angry,fearful,neutral,surprised,sad
4527615.wav-index1-15.wav, happy,happy,angry,fearful,neutral,sad,surprised
4527615.wav-index1.wav, happy,happy,angry,fearful,neutral,sad,surprised
4527615.wav-index2-15.wav, happy,happy,angry,fearful,neutral,sad,surprised
4527615.wav-index2-20.wav, angry,angry,happy,fearful,neutral,sad,surprised
4528104.wav-index2.wav, happy,happy,angry,fearful,neutral,sad,surprised
4528104.wav-index1-20.wav, happy,happy,angry,fearful,neutral,sad,surprised
4528104.wav-index1-15.wav, happy,happy,angry,neutral,fearful,surprised,sad
4528104.wav-index1.wav, happy,happy,angry,fearful,neutral,sad,surprised
4528104.wav-index2-15.wav, happy,happy,angry,fearful,neutral,sad,surprised
4528104.wav-index2-20.wav, happy,happy,angry,fearful,neutral,sad,surprised
4681961.wav-index2.wav, happy,happy,angry,fearful,neutral,sad,surprised
4681961.wav-index1-20.wav, happy,happy,angry,fearful,neutral,sad,surprised
4681961.wav-index1-15.wav, happy,happy,angry,fearful,neutral,sad,surprised
4681961.wav-index1.wav, happy,happy,angry,fearful,neutral,sad,surprised
4681961.wav-index2-15.wav, happy,happy,angry,neutral,fearful,surprised,sad
4681961.wav-index2-20.wav, happy,happy,angry,fearful,neutral,surprised,sad
4543166.wav-index2.wav, happy,happy,angry,fearful,neutral,sad,surprised
4543166.wav-index1-20.wav, angry,angry,happy,fearful,neutral,surprised,sad
4543166.wav-index1-15.wav, happy,happy,angry,fearful,neutral,surprised,sad
4543166.wav-index1.wav, happy,happy,angry,fearful,neutral,sad,surprised
4543166.wav-index2-15.wav, happy,happy,angry,fearful,neutral,surprised,sad
4543166.wav-index2-20.wav, happy,happy,angry,fearful,neutral,surprised,sad
4539311.wav-index2.wav, happy,happy,angry,neutral,fearful,sad,surprised
4539311.wav-index1-20.wav, happy,happy,angry,fearful,neutral,sad,surprised
4539311.wav-index1-15.wav, happy,happy,angry,fearful,neutral,surprised,sad
4539311.wav-index1.wav, happy,happy,angry,neutral,fearful,sad,surprised
4539311.wav-index2-15.wav, happy,happy,angry,neutral,fearful,surprised,sad
4539311.wav-index2-20.wav, happy,happy,angry,neutral,fearful,surprised,sad
4549587.wav-index2.wav, happy,happy,angry,fearful,neutral,sad,surprised
4549587.wav-index1-20.wav, happy,happy,angry,fearful,neutral,surprised,sad
4549587.wav-index1-15.wav, happy,happy,angry,fearful,neutral,surprised,sad
4549587.wav-index1.wav, happy,happy,angry,fearful,neutral,sad,surprised
4549587.wav-index2-15.wav, happy,happy,angry,neutral,fearful,surprised,sad
4549587.wav-index2-20.wav, happy,happy,angry,fearful,neutral,surprised,sad
4604460.wav-index2.wav, happy,happy,angry,fearful,neutral,sad,surprised
4604460.wav-index1-20.wav, happy,happy,angry,fearful,neutral,sad,surprised
4604460.wav-index1-15.wav, happy,happy,angry,fearful,neutral,sad,surprised
4604460.wav-index1.wav, happy,happy,angry,fearful,neutral,sad,surprised
4604460.wav-index2-15.wav, angry,angry,happy,fearful,neutral,sad,surprised
4604460.wav-index2-20.wav, angry,angry,happy,fearful,neutral,sad,surprised
4540170.wav-index2.wav, happy,happy,angry,fearful,neutral,surprised,sad
4540170.wav-index1-20.wav, happy,happy,angry,fearful,neutral,surprised,sad
4540170.wav-index1-15.wav, happy,happy,angry,neutral,fearful,surprised,sad
4540170.wav-index1.wav, happy,happy,angry,fearful,neutral,sad,surprised
4540170.wav-index2-15.wav, angry,angry,happy,fearful,neutral,surprised,sad
4540170.wav-index2-20.wav, angry,angry,happy,fearful,neutral,surprised,sad
4558245.wav-index2.wav, happy,happy,angry,fearful,neutral,sad,surprised
4558245.wav-index1-20.wav, happy,happy,angry,fearful,neutral,surprised,sad
4558245.wav-index1-15.wav, happy,happy,angry,fearful,neutral,surprised,sad
4558245.wav-index1.wav, happy,happy,angry,fearful,neutral,sad,surprised
4558245.wav-index2-15.wav, happy,happy,angry,fearful,neutral,sad,surprised
4558245.wav-index2-20.wav, happy,happy,angry,fearful,neutral,sad,surprised
4527627.wav-index2.wav, happy,happy,angry,fearful,neutral,sad,surprised
4527627.wav-index1-20.wav, angry,angry,happy,fearful,neutral,sad,surprised
4527627.wav-index1-15.wav, happy,happy,angry,fearful,neutral,sad,surprised
4527627.wav-index1.wav, happy,happy,angry,fearful,neutral,sad,surprised
4527627.wav-index2-15.wav, happy,happy,angry,fearful,neutral,sad,surprised
4527627.wav-index2-20.wav, angry,angry,happy,fearful,neutral,sad,surprised
4539191.wav-index2.wav, happy,happy,angry,fearful,neutral,sad,surprised
4539191.wav-index1-20.wav, happy,happy,angry,fearful,neutral,surprised,sad
4539191.wav-index1-15.wav, happy,happy,angry,fearful,neutral,sad,surprised
4539191.wav-index1.wav, happy,happy,angry,fearful,neutral,sad,surprised
4539191.wav-index2-15.wav, happy,happy,angry,fearful,neutral,sad,surprised
4539191.wav-index2-20.wav, happy,happy,angry,fearful,neutral,sad,surprised
4549612.wav-index2.wav, happy,happy,angry,fearful,neutral,sad,surprised
4549612.wav-index1-20.wav, angry,angry,happy,fearful,neutral,surprised,sad
4549612.wav-index1-15.wav, angry,angry,happy,fearful,neutral,sad,surprised
4549612.wav-index1.wav, happy,happy,angry,fearful,neutral,sad,surprised
4549612.wav-index2-15.wav, happy,happy,angry,fearful,neutral,sad,surprised
4549612.wav-index2-20.wav, happy,happy,angry,fearful,neutral,sad,surprised
4615315.wav-index2.wav, happy,happy,angry,fearful,neutral,sad,surprised
4615315.wav-index1-20.wav, happy,happy,angry,fearful,neutral,sad,surprised
4615315.wav-index1-15.wav, happy,happy,angry,fearful,neutral,sad,surprised
4615315.wav-index1.wav, happy,happy,angry,fearful,neutral,sad,surprised
4615315.wav-index2-15.wav, happy,happy,angry,fearful,neutral,surprised,sad
4615315.wav-index2-20.wav, happy,happy,angry,fearful,neutral,sad,surprised
4556980.wav-index2.wav, happy,happy,angry,fearful,neutral,sad,surprised
4556980.wav-index1-20.wav, happy,happy,angry,fearful,neutral,surprised,sad
4556980.wav-index1-15.wav, happy,happy,angry,fearful,neutral,sad,surprised
4556980.wav-index1.wav, happy,happy,angry,fearful,neutral,sad,surprised
4556980.wav-index2-15.wav, happy,happy,angry,fearful,neutral,surprised,sad
4556980.wav-index2-20.wav, happy,happy,angry,fearful,neutral,sad,surprised
4548868.wav-index2.wav, happy,happy,angry,fearful,neutral,sad,surprised
4548868.wav-index1-20.wav, happy,happy,angry,fearful,neutral,sad,surprised
4548868.wav-index1-15.wav, happy,happy,angry,fearful,neutral,sad,surprised
4548868.wav-index1.wav, happy,happy,angry,fearful,neutral,sad,surprised
4548868.wav-index2-15.wav, happy,happy,angry,fearful,neutral,surprised,sad
4548868.wav-index2-20.wav, happy,happy,angry,fearful,neutral,surprised,sad
4557108.wav-index2.wav, happy,happy,angry,fearful,neutral,sad,surprised
4557108.wav-index1-20.wav, happy,happy,angry,fearful,neutral,sad,surprised
4557108.wav-index1-15.wav, angry,angry,happy,fearful,neutral,sad,surprised
4557108.wav-index1.wav, happy,happy,angry,fearful,neutral,sad,surprised
4557108.wav-index2-15.wav, happy,happy,angry,fearful,neutral,sad,surprised
4557108.wav-index2-20.wav, happy,happy,angry,fearful,neutral,sad,surprised
4740140.wav-index2.wav, happy,happy,angry,fearful,neutral,sad,surprised
4740140.wav-index1-20.wav, happy,happy,angry,fearful,neutral,surprised,sad
4740140.wav-index1-15.wav, happy,happy,angry,fearful,neutral,surprised,sad
4740140.wav-index1.wav, happy,happy,angry,fearful,neutral,sad,surprised
4740140.wav-index2-15.wav, happy,happy,angry,fearful,neutral,sad,surprised
4740140.wav-index2-20.wav, happy,happy,angry,fearful,neutral,sad,surprised
4627330.wav-index2.wav, happy,happy,angry,fearful,neutral,sad,surprised
4627330.wav-index1-20.wav, angry,angry,happy,fearful,neutral,sad,surprised
4627330.wav-index1-15.wav, happy,happy,angry,fearful,neutral,sad,surprised
4627330.wav-index1.wav, happy,happy,angry,fearful,neutral,sad,surprised
4627330.wav-index2-15.wav, happy,happy,angry,fearful,neutral,sad,surprised
4627330.wav-index2-20.wav, angry,angry,happy,fearful,neutral,sad,surprised
4540173.wav-index2.wav, happy,happy,angry,fearful,neutral,sad,surprised
4540173.wav-index1-20.wav, happy,happy,angry,fearful,neutral,sad,surprised
4540173.wav-index1-15.wav, happy,happy,angry,fearful,neutral,sad,surprised
4540173.wav-index1.wav, happy,happy,angry,fearful,neutral,sad,surprised
4540173.wav-index2-15.wav, angry,angry,happy,fearful,neutral,surprised,sad
4540173.wav-index2-20.wav, angry,angry,happy,fearful,neutral,surprised,sad
4539186.wav-index2.wav, happy,happy,angry,fearful,neutral,sad,surprised
4539186.wav-index1-20.wav, angry,angry,happy,fearful,neutral,surprised,sad
4539186.wav-index1-15.wav, angry,angry,happy,fearful,neutral,surprised,sad
4539186.wav-index1.wav, happy,happy,angry,fearful,neutral,surprised,sad
4539186.wav-index2-15.wav, happy,happy,angry,fearful,neutral,sad,surprised
4539186.wav-index2-20.wav, happy,happy,angry,fearful,neutral,sad,surprised
4549825.wav-index2.wav, happy,happy,angry,fearful,neutral,sad,surprised
4549825.wav-index1-20.wav, angry,angry,happy,fearful,neutral,sad,surprised
4549825.wav-index1-15.wav, angry,angry,happy,fearful,neutral,sad,surprised
4549825.wav-index1.wav, happy,happy,angry,fearful,neutral,sad,surprised
4549825.wav-index2-15.wav, happy,happy,angry,fearful,neutral,sad,surprised
4549825.wav-index2-20.wav, happy,happy,angry,fearful,neutral,sad,surprised
4557174.wav-index2.wav, happy,happy,angry,fearful,neutral,sad,surprised
4557174.wav-index1-20.wav, happy,happy,angry,fearful,neutral,sad,surprised
4557174.wav-index1-15.wav, happy,happy,angry,fearful,neutral,sad,surprised
4557174.wav-index1.wav, angry,angry,happy,fearful,neutral,sad,surprised
4557174.wav-index2-15.wav, angry,angry,happy,fearful,neutral,sad,surprised
4557174.wav-index2-20.wav, happy,happy,angry,fearful,neutral,sad,surprised
4567568.wav-index2.wav, happy,happy,angry,fearful,neutral,sad,surprised
4567568.wav-index1-20.wav, happy,happy,angry,fearful,neutral,surprised,sad
4567568.wav-index1-15.wav, happy,happy,angry,fearful,neutral,surprised,sad
4567568.wav-index1.wav, happy,happy,angry,fearful,neutral,sad,surprised
4567568.wav-index2-15.wav, happy,happy,angry,fearful,neutral,sad,surprised
4567568.wav-index2-20.wav, happy,happy,angry,fearful,neutral,sad,surprised
4602160.wav-index2.wav, angry,angry,happy,fearful,neutral,sad,surprised
4602160.wav-index1-20.wav, happy,happy,angry,fearful,neutral,sad,surprised
4602160.wav-index1-15.wav, happy,happy,angry,fearful,neutral,sad,surprised
4602160.wav-index1.wav, happy,happy,angry,fearful,neutral,sad,surprised
4602160.wav-index2-15.wav, angry,angry,happy,fearful,neutral,surprised,sad
4602160.wav-index2-20.wav, angry,angry,happy,fearful,neutral,surprised,sad
4550627.wav-index2.wav, happy,happy,angry,fearful,neutral,sad,surprised
4550627.wav-index1-20.wav, happy,happy,angry,fearful,neutral,sad,surprised
4550627.wav-index1-15.wav, happy,happy,angry,fearful,neutral,surprised,sad
4550627.wav-index1.wav, happy,happy,angry,fearful,neutral,sad,surprised
4550627.wav-index2-15.wav, happy,happy,angry,fearful,neutral,surprised,sad
4550627.wav-index2-20.wav, happy,happy,angry,fearful,neutral,sad,surprised
4538817.wav-index2.wav, happy,happy,angry,fearful,neutral,sad,surprised
4538817.wav-index1-20.wav, happy,happy,angry,fearful,neutral,sad,surprised
4538817.wav-index1-15.wav, happy,happy,angry,fearful,neutral,sad,surprised
4538817.wav-index1.wav, happy,happy,angry,fearful,neutral,sad,surprised
4538817.wav-index2-15.wav, angry,angry,happy,fearful,neutral,sad,surprised
4538817.wav-index2-20.wav, angry,angry,happy,fearful,neutral,sad,surprised
4608228.wav-index2.wav, happy,happy,angry,fearful,neutral,sad,surprised
4608228.wav-index1-20.wav, happy,happy,angry,fearful,neutral,sad,surprised
4608228.wav-index1-15.wav, happy,happy,angry,fearful,neutral,surprised,sad
4608228.wav-index1.wav, happy,happy,angry,fearful,neutral,sad,surprised
4608228.wav-index2-15.wav, happy,happy,angry,fearful,neutral,sad,surprised
4608228.wav-index2-20.wav, happy,happy,angry,fearful,neutral,surprised,sad
4611687.wav-index2.wav, happy,happy,angry,fearful,neutral,sad,surprised
4611687.wav-index1-20.wav, happy,happy,angry,fearful,neutral,sad,surprised
4611687.wav-index1-15.wav, angry,angry,happy,fearful,neutral,sad,surprised
4611687.wav-index1.wav, angry,angry,happy,fearful,neutral,sad,surprised
4611687.wav-index2-15.wav, happy,happy,angry,fearful,neutral,surprised,sad
4611687.wav-index2-20.wav, angry,angry,happy,fearful,neutral,surprised,sad
4611193.wav-index2.wav, happy,happy,angry,neutral,fearful,sad,surprised
4611193.wav-index1-20.wav, happy,happy,angry,fearful,neutral,sad,surprised
4611193.wav-index1-15.wav, happy,happy,angry,fearful,neutral,sad,surprised
4611193.wav-index1.wav, happy,happy,angry,fearful,neutral,sad,surprised
4611193.wav-index2-15.wav, happy,happy,angry,fearful,neutral,surprised,sad
4611193.wav-index2-20.wav, happy,happy,angry,fearful,neutral,surprised,sad
4611168.wav-index2.wav, happy,happy,angry,fearful,neutral,sad,surprised
4611168.wav-index1-20.wav, angry,angry,happy,fearful,neutral,sad,surprised
4611168.wav-index1-15.wav, angry,angry,happy,fearful,neutral,sad,surprised
4611168.wav-index1.wav, happy,happy,angry,fearful,neutral,sad,surprised
4611168.wav-index2-15.wav, happy,happy,angry,fearful,neutral,sad,surprised
4611168.wav-index2-20.wav, happy,happy,angry,fearful,neutral,sad,surprised
4604441.wav-index2.wav, happy,happy,angry,fearful,neutral,sad,surprised
4604441.wav-index1-20.wav, happy,happy,angry,fearful,neutral,surprised,sad
4604441.wav-index1-15.wav, happy,happy,angry,neutral,fearful,surprised,sad
4604441.wav-index1.wav, happy,happy,angry,fearful,neutral,sad,surprised
4604441.wav-index2-15.wav, angry,angry,happy,fearful,neutral,sad,surprised
4604441.wav-index2-20.wav, happy,happy,angry,fearful,neutral,sad,surprised
4539154.wav-index2.wav, happy,happy,neutral,angry,fearful,sad,surprised
4539154.wav-index1-20.wav, happy,happy,angry,fearful,neutral,sad,surprised
4539154.wav-index1-15.wav, happy,happy,angry,fearful,neutral,sad,surprised
4539154.wav-index1.wav, happy,happy,angry,fearful,neutral,sad,surprised
4539154.wav-index2-15.wav, happy,happy,angry,fearful,neutral,surprised,sad
4539154.wav-index2-20.wav, happy,happy,angry,fearful,neutral,surprised,sad
4559183.wav-index2.wav, happy,happy,angry,fearful,neutral,sad,surprised
4559183.wav-index1-20.wav, happy,happy,angry,fearful,neutral,sad,surprised
4559183.wav-index1-15.wav, happy,happy,angry,fearful,neutral,sad,surprised
4559183.wav-index1.wav, happy,happy,angry,fearful,neutral,sad,surprised
4559183.wav-index2-15.wav, happy,happy,angry,fearful,neutral,sad,surprised
4559183.wav-index2-20.wav, happy,happy,angry,fearful,neutral,sad,surprised
4557172.wav-index2.wav, happy,happy,angry,fearful,neutral,sad,surprised
4557172.wav-index1-20.wav, happy,happy,angry,fearful,neutral,surprised,sad
4557172.wav-index1-15.wav, happy,happy,angry,neutral,fearful,surprised,sad
4557172.wav-index1.wav, happy,happy,angry,fearful,neutral,sad,surprised
4557172.wav-index2-15.wav, happy,happy,angry,fearful,neutral,sad,surprised
4557172.wav-index2-20.wav, happy,happy,angry,fearful,neutral,sad,surprised
4567440.wav-index2.wav, happy,happy,angry,fearful,neutral,sad,surprised
4567440.wav-index1-20.wav, happy,happy,angry,fearful,neutral,surprised,sad
4567440.wav-index1-15.wav, happy,happy,angry,fearful,neutral,sad,surprised
4567440.wav-index1.wav, happy,happy,angry,fearful,neutral,surprised,sad
4567440.wav-index2-15.wav, happy,happy,angry,fearful,neutral,sad,surprised
4567440.wav-index2-20.wav, happy,happy,angry,fearful,neutral,sad,surprised
4678260.wav-index2.wav, happy,happy,angry,neutral,fearful,sad,surprised
4678260.wav-index1-20.wav, happy,happy,angry,fearful,neutral,sad,surprised
4678260.wav-index1-15.wav, happy,happy,angry,fearful,neutral,sad,surprised
4678260.wav-index1.wav, happy,happy,angry,fearful,neutral,sad,surprised
4678260.wav-index2-15.wav, happy,happy,angry,fearful,neutral,sad,surprised
4678260.wav-index2-20.wav, happy,happy,angry,fearful,neutral,sad,surprised
4616841.wav-index2.wav, happy,happy,angry,fearful,neutral,sad,surprised
4616841.wav-index1-20.wav, happy,happy,angry,neutral,fearful,surprised,sad
4616841.wav-index1-15.wav, happy,happy,angry,neutral,fearful,surprised,sad
4616841.wav-index1.wav, happy,happy,angry,fearful,neutral,sad,surprised
4616841.wav-index2-15.wav, happy,happy,angry,fearful,neutral,sad,surprised
4616841.wav-index2-20.wav, angry,angry,happy,fearful,neutral,sad,surprised
4611200.wav-index2.wav, angry,angry,happy,fearful,neutral,sad,surprised
4611200.wav-index1-20.wav, happy,happy,neutral,angry,fearful,sad,surprised
4611200.wav-index1-15.wav, happy,happy,angry,fearful,neutral,sad,surprised
4611200.wav-index1.wav, happy,happy,angry,fearful,neutral,sad,surprised
4611200.wav-index2-15.wav, angry,angry,happy,fearful,neutral,surprised,sad
4611200.wav-index2-20.wav, angry,angry,happy,fearful,neutral,surprised,sad
4614381.wav-index2.wav, happy,happy,angry,fearful,neutral,sad,surprised
4614381.wav-index1-20.wav, angry,angry,happy,fearful,neutral,sad,surprised
4614381.wav-index1-15.wav, angry,angry,happy,fearful,neutral,sad,surprised
4614381.wav-index1.wav, happy,happy,angry,fearful,neutral,sad,surprised
4614381.wav-index2-15.wav, happy,happy,angry,fearful,neutral,sad,surprised
4614381.wav-index2-20.wav, happy,happy,angry,fearful,neutral,surprised,sad
4527656.wav-index2.wav, happy,happy,angry,fearful,neutral,sad,surprised
4527656.wav-index1-20.wav, happy,happy,angry,fearful,neutral,sad,surprised
4527656.wav-index1-15.wav, happy,happy,angry,fearful,neutral,sad,surprised
4527656.wav-index1.wav, happy,happy,angry,fearful,neutral,sad,surprised
4527656.wav-index2-15.wav, happy,happy,angry,fearful,neutral,sad,surprised
4527656.wav-index2-20.wav, happy,happy,angry,fearful,neutral,surprised,sad
4740040.wav-index2.wav, happy,happy,angry,fearful,neutral,sad,surprised
4740040.wav-index1-20.wav, happy,happy,angry,fearful,neutral,sad,surprised
4740040.wav-index1-15.wav, happy,happy,angry,fearful,neutral,sad,surprised
4740040.wav-index1.wav, happy,happy,angry,neutral,fearful,sad,surprised
4740040.wav-index2-15.wav, angry,angry,happy,fearful,neutral,surprised,sad
4740040.wav-index2-20.wav, angry,angry,happy,fearful,neutral,sad,surprised
4527602.wav-index2.wav, happy,happy,angry,fearful,neutral,sad,surprised
4527602.wav-index1-20.wav, angry,angry,happy,fearful,neutral,sad,surprised
4527602.wav-index1-15.wav, happy,happy,angry,fearful,neutral,sad,surprised
4527602.wav-index1.wav, angry,angry,happy,fearful,neutral,sad,surprised
4527602.wav-index2-15.wav, angry,angry,happy,fearful,neutral,sad,surprised
4527602.wav-index2-20.wav, happy,happy,angry,fearful,neutral,sad,surprised
4608275.wav-index2.wav, happy,happy,angry,fearful,neutral,sad,surprised
4608275.wav-index1-20.wav, happy,happy,angry,fearful,neutral,sad,surprised
4608275.wav-index1-15.wav, happy,happy,angry,fearful,neutral,surprised,sad
4608275.wav-index1.wav, happy,happy,angry,fearful,neutral,sad,surprised
4608275.wav-index2-15.wav, angry,angry,happy,fearful,neutral,sad,surprised
4608275.wav-index2-20.wav, angry,angry,happy,fearful,neutral,surprised,sad
4601467.wav-index2.wav, happy,happy,angry,fearful,neutral,sad,surprised
4601467.wav-index1-20.wav, angry,angry,happy,fearful,neutral,sad,surprised
4601467.wav-index1-15.wav, happy,happy,angry,fearful,neutral,sad,surprised
4601467.wav-index1.wav, happy,happy,angry,fearful,neutral,sad,surprised
4601467.wav-index2-15.wav, happy,happy,angry,fearful,neutral,surprised,sad
4601467.wav-index2-20.wav, happy,happy,angry,fearful,neutral,surprised,sad
4540177.wav-index2.wav, happy,happy,angry,fearful,neutral,sad,surprised
4540177.wav-index1-20.wav, happy,happy,angry,fearful,neutral,sad,surprised
4540177.wav-index1-15.wav, happy,happy,angry,fearful,neutral,sad,surprised
4540177.wav-index1.wav, happy,happy,angry,neutral,fearful,sad,surprised
4540177.wav-index2-15.wav, happy,happy,angry,fearful,neutral,sad,surprised
4540177.wav-index2-20.wav, happy,happy,angry,fearful,neutral,sad,surprised
4550806.wav-index2.wav, happy,happy,angry,fearful,neutral,sad,surprised
4550806.wav-index1-20.wav, angry,angry,happy,fearful,neutral,surprised,sad
4550806.wav-index1-15.wav, angry,angry,happy,fearful,neutral,sad,surprised
4550806.wav-index1.wav, happy,happy,angry,fearful,neutral,sad,surprised
4550806.wav-index2-15.wav, happy,happy,angry,neutral,fearful,surprised,sad
4550806.wav-index2-20.wav, happy,happy,angry,neutral,fearful,surprised,sad
4527780.wav-index2.wav, happy,happy,angry,fearful,neutral,sad,surprised
4527780.wav-index1-20.wav, happy,happy,angry,fearful,neutral,sad,surprised
4527780.wav-index1-15.wav, happy,happy,angry,neutral,fearful,surprised,sad
4527780.wav-index1.wav, happy,happy,angry,fearful,neutral,sad,surprised
4527780.wav-index2-15.wav, angry,angry,happy,fearful,neutral,sad,surprised
4527780.wav-index2-20.wav, happy,happy,angry,fearful,neutral,sad,surprised
4624562.wav-index2.wav, happy,happy,angry,neutral,fearful,sad,surprised
4624562.wav-index1-20.wav, angry,angry,happy,fearful,neutral,surprised,sad
4624562.wav-index1-15.wav, happy,happy,angry,fearful,neutral,surprised,sad
4624562.wav-index1.wav, happy,happy,angry,fearful,neutral,sad,surprised
4624562.wav-index2-15.wav, happy,happy,angry,fearful,neutral,sad,surprised
4624562.wav-index2-20.wav, happy,happy,angry,fearful,neutral,sad,surprised
4563844.wav-index2.wav, happy,happy,angry,fearful,neutral,sad,surprised
4563844.wav-index1-20.wav, angry,angry,happy,fearful,neutral,surprised,sad
4563844.wav-index1-15.wav, happy,happy,angry,fearful,neutral,sad,surprised
4563844.wav-index1.wav, happy,happy,angry,fearful,neutral,sad,surprised
4563844.wav-index2-15.wav, happy,happy,angry,fearful,neutral,sad,surprised
4563844.wav-index2-20.wav, happy,happy,angry,fearful,neutral,sad,surprised
4559290.wav-index2.wav, angry,angry,happy,fearful,neutral,sad,surprised
4559290.wav-index1-20.wav, happy,happy,angry,neutral,fearful,surprised,sad
4559290.wav-index1-15.wav, happy,happy,angry,neutral,fearful,surprised,sad
4559290.wav-index1.wav, happy,happy,angry,fearful,neutral,sad,surprised
4559290.wav-index2-15.wav, angry,angry,happy,fearful,neutral,sad,surprised
4559290.wav-index2-20.wav, angry,angry,happy,fearful,neutral,sad,surprised
4557029.wav-index2.wav, happy,happy,angry,fearful,neutral,sad,surprised
4557029.wav-index1-20.wav, happy,happy,angry,fearful,neutral,sad,surprised
4557029.wav-index1-15.wav, happy,happy,angry,fearful,neutral,sad,surprised
4557029.wav-index1.wav, happy,happy,neutral,angry,fearful,sad,surprised
4557029.wav-index2-15.wav, angry,angry,happy,fearful,neutral,sad,surprised
4557029.wav-index2-20.wav, happy,happy,angry,fearful,neutral,sad,surprised
4548013.wav-index2.wav, happy,happy,angry,fearful,neutral,sad,surprised
4548013.wav-index1-20.wav, happy,happy,angry,fearful,neutral,surprised,sad
4548013.wav-index1-15.wav, happy,happy,angry,fearful,neutral,surprised,sad
4548013.wav-index1.wav, happy,happy,neutral,angry,fearful,sad,surprised
4548013.wav-index2-15.wav, happy,happy,angry,fearful,neutral,surprised,sad
4548013.wav-index2-20.wav, happy,happy,angry,fearful,neutral,surprised,sad
4556868.wav-index2.wav, happy,happy,angry,fearful,neutral,sad,surprised
4556868.wav-index1-20.wav, happy,happy,angry,fearful,neutral,surprised,sad
4556868.wav-index1-15.wav, happy,happy,angry,neutral,fearful,surprised,sad
4556868.wav-index1.wav, happy,happy,angry,fearful,neutral,sad,surprised
4556868.wav-index2-15.wav, happy,happy,angry,neutral,fearful,surprised,sad
4556868.wav-index2-20.wav, happy,happy,angry,neutral,fearful,surprised,sad
4624558.wav-index2.wav, happy,happy,angry,fearful,neutral,sad,surprised
4624558.wav-index1-20.wav, happy,happy,angry,fearful,neutral,sad,surprised
4624558.wav-index1-15.wav, happy,happy,angry,fearful,neutral,sad,surprised
4624558.wav-index1.wav, happy,happy,angry,fearful,neutral,sad,surprised
4624558.wav-index2-15.wav, angry,angry,happy,fearful,neutral,surprised,sad
4624558.wav-index2-20.wav, angry,angry,happy,fearful,neutral,sad,surprised
4527484.wav-index2.wav, happy,happy,angry,fearful,neutral,sad,surprised
4527484.wav-index1-20.wav, happy,happy,angry,fearful,neutral,surprised,sad
4527484.wav-index1-15.wav, happy,happy,angry,neutral,fearful,surprised,sad
4527484.wav-index1.wav, happy,happy,angry,fearful,neutral,sad,surprised
4527484.wav-index2-15.wav, happy,happy,angry,neutral,fearful,surprised,sad
4527484.wav-index2-20.wav, happy,happy,angry,fearful,neutral,surprised,sad
4611197.wav-index2.wav, happy,happy,angry,fearful,neutral,sad,surprised
4611197.wav-index1-20.wav, angry,angry,happy,fearful,neutral,surprised,sad
4611197.wav-index1-15.wav, angry,angry,happy,fearful,neutral,sad,surprised
4611197.wav-index1.wav, happy,happy,angry,fearful,neutral,sad,surprised
4611197.wav-index2-15.wav, happy,happy,angry,fearful,neutral,sad,surprised
4611197.wav-index2-20.wav, happy,happy,angry,fearful,neutral,surprised,sad
4611165.wav-index2.wav, happy,happy,angry,fearful,neutral,sad,surprised
4611165.wav-index1-20.wav, happy,happy,angry,fearful,neutral,sad,surprised
4611165.wav-index1-15.wav, happy,happy,angry,fearful,neutral,sad,surprised
4611165.wav-index1.wav, happy,happy,angry,fearful,neutral,sad,surprised
4611165.wav-index2-15.wav, angry,angry,happy,fearful,neutral,surprised,sad
4611165.wav-index2-20.wav, angry,angry,happy,fearful,neutral,surprised,sad
4556997.wav-index2.wav, happy,happy,angry,fearful,neutral,sad,surprised
4556997.wav-index1-20.wav, angry,angry,happy,fearful,neutral,sad,surprised
4556997.wav-index1-15.wav, happy,happy,angry,fearful,neutral,sad,surprised
4556997.wav-index1.wav, happy,happy,angry,fearful,neutral,sad,surprised
4556997.wav-index2-15.wav, angry,angry,happy,fearful,neutral,sad,surprised
4556997.wav-index2-20.wav, angry,angry,happy,fearful,neutral,sad,surprised
4539195.wav-index2.wav, happy,happy,angry,fearful,neutral,sad,surprised
4539195.wav-index1-20.wav, happy,happy,angry,fearful,neutral,surprised,sad
4539195.wav-index1-15.wav, happy,happy,angry,fearful,neutral,surprised,sad
4539195.wav-index1.wav, happy,happy,angry,fearful,neutral,sad,surprised
4539195.wav-index2-15.wav, happy,happy,angry,fearful,neutral,sad,surprised
4539195.wav-index2-20.wav, happy,happy,angry,fearful,neutral,sad,surprised
4626750.wav-index2.wav, happy,happy,angry,fearful,neutral,sad,surprised
4626750.wav-index1-20.wav, happy,happy,angry,fearful,neutral,surprised,sad
4626750.wav-index1-15.wav, happy,happy,angry,fearful,neutral,surprised,sad
4626750.wav-index1.wav, happy,happy,angry,fearful,neutral,sad,surprised
4626750.wav-index2-15.wav, happy,happy,angry,fearful,neutral,sad,surprised
4626750.wav-index2-20.wav, happy,happy,angry,fearful,neutral,sad,surprised
4607325.wav-index2.wav, happy,happy,angry,fearful,neutral,surprised,sad
4607325.wav-index1-20.wav, happy,happy,angry,fearful,neutral,sad,surprised
4607325.wav-index1-15.wav, happy,happy,angry,fearful,neutral,sad,surprised
4607325.wav-index1.wav, happy,happy,angry,fearful,neutral,sad,surprised
4607325.wav-index2-15.wav, happy,happy,angry,fearful,neutral,sad,surprised
4607325.wav-index2-20.wav, angry,angry,happy,fearful,neutral,sad,surprised
4556999.wav-index2.wav, happy,happy,angry,fearful,neutral,sad,surprised
4556999.wav-index1-20.wav, happy,happy,angry,fearful,neutral,surprised,sad
4556999.wav-index1-15.wav, happy,happy,angry,neutral,fearful,surprised,sad
4556999.wav-index1.wav, happy,happy,angry,fearful,neutral,sad,surprised
4556999.wav-index2-15.wav, happy,happy,angry,fearful,neutral,sad,surprised
4556999.wav-index2-20.wav, angry,angry,happy,fearful,neutral,surprised,sad
4549576.wav-index2.wav, happy,happy,angry,fearful,neutral,sad,surprised
4549576.wav-index1-20.wav, happy,happy,angry,fearful,neutral,sad,surprised
4549576.wav-index1-15.wav, happy,happy,angry,fearful,neutral,surprised,sad
4549576.wav-index1.wav, happy,happy,angry,fearful,neutral,sad,surprised
4549576.wav-index2-15.wav, happy,happy,angry,fearful,neutral,sad,surprised
4549576.wav-index2-20.wav, happy,happy,angry,fearful,neutral,sad,surprised
4681887.wav-index2.wav, happy,happy,angry,fearful,neutral,sad,surprised
4681887.wav-index1-20.wav, happy,happy,angry,fearful,neutral,surprised,sad
4681887.wav-index1-15.wav, happy,happy,angry,fearful,neutral,surprised,sad
4681887.wav-index1.wav, happy,happy,angry,fearful,neutral,sad,surprised
4681887.wav-index2-15.wav, happy,happy,angry,fearful,neutral,sad,surprised
4681887.wav-index2-20.wav, happy,happy,angry,fearful,neutral,sad,surprised
4601492.wav-index2.wav, happy,happy,angry,fearful,neutral,sad,surprised
4601492.wav-index1-20.wav, happy,happy,angry,fearful,neutral,surprised,sad
4601492.wav-index1-15.wav, happy,happy,angry,neutral,fearful,surprised,sad
4601492.wav-index1.wav, happy,happy,angry,neutral,fearful,sad,surprised
4601492.wav-index2-15.wav, angry,angry,happy,fearful,neutral,sad,surprised
4601492.wav-index2-20.wav, angry,angry,happy,fearful,neutral,sad,surprised
4549860.wav-index2.wav, happy,happy,angry,fearful,neutral,sad,surprised
4549860.wav-index1-20.wav, happy,happy,angry,fearful,neutral,sad,surprised
4549860.wav-index1-15.wav, happy,happy,angry,fearful,neutral,sad,surprised
4549860.wav-index1.wav, happy,happy,angry,fearful,neutral,sad,surprised
4549860.wav-index2-15.wav, happy,happy,angry,fearful,neutral,sad,surprised
4549860.wav-index2-20.wav, angry,angry,happy,fearful,neutral,sad,surprised
4601101.wav-index2.wav, happy,happy,angry,fearful,neutral,sad,surprised
4601101.wav-index1-20.wav, happy,happy,angry,fearful,neutral,sad,surprised
4601101.wav-index1-15.wav, happy,happy,angry,fearful,neutral,sad,surprised
4601101.wav-index1.wav, happy,happy,neutral,angry,fearful,sad,surprised
4601101.wav-index2-15.wav, happy,happy,angry,fearful,neutral,surprised,sad
4601101.wav-index2-20.wav, angry,angry,happy,fearful,neutral,sad,surprised
4551038.wav-index2.wav, happy,happy,angry,fearful,neutral,sad,surprised
4551038.wav-index1-20.wav, happy,happy,angry,neutral,fearful,surprised,sad
4551038.wav-index1-15.wav, happy,happy,angry,neutral,fearful,surprised,sad
4551038.wav-index1.wav, happy,happy,angry,fearful,neutral,sad,surprised
4551038.wav-index2-15.wav, angry,angry,happy,fearful,neutral,sad,surprised
4551038.wav-index2-20.wav, happy,happy,angry,fearful,neutral,surprised,sad
4527674.wav-index2.wav, happy,happy,angry,fearful,neutral,sad,surprised
4527674.wav-index1-20.wav, happy,happy,angry,fearful,neutral,sad,surprised
4527674.wav-index1-15.wav, happy,happy,angry,neutral,fearful,surprised,sad
4527674.wav-index1.wav, happy,happy,angry,fearful,neutral,sad,surprised
4527674.wav-index2-15.wav, happy,happy,angry,fearful,neutral,sad,surprised
4527674.wav-index2-20.wav, happy,happy,angry,fearful,neutral,sad,surprised
4547015.wav-index2.wav, happy,happy,angry,fearful,neutral,sad,surprised
4547015.wav-index1-20.wav, happy,happy,angry,fearful,neutral,surprised,sad
4547015.wav-index1-15.wav, happy,happy,angry,fearful,neutral,surprised,sad
4547015.wav-index1.wav, happy,happy,angry,fearful,neutral,sad,surprised
4547015.wav-index2-15.wav, happy,happy,angry,fearful,neutral,surprised,sad
4547015.wav-index2-20.wav, happy,happy,angry,fearful,neutral,surprised,sad
4550668.wav-index2.wav, happy,happy,angry,fearful,neutral,sad,surprised
4550668.wav-index1-20.wav, happy,happy,angry,fearful,neutral,sad,surprised
4550668.wav-index1-15.wav, angry,angry,happy,fearful,neutral,sad,surprised
4550668.wav-index1.wav, happy,happy,angry,fearful,neutral,sad,surprised
4550668.wav-index2-15.wav, angry,angry,happy,fearful,neutral,sad,surprised
4550668.wav-index2-20.wav, happy,happy,angry,fearful,neutral,sad,surprised
4611169.wav-index2.wav, angry,angry,happy,fearful,neutral,sad,surprised
4611169.wav-index1-20.wav, happy,happy,angry,fearful,neutral,sad,surprised
4611169.wav-index1-15.wav, angry,angry,happy,fearful,neutral,surprised,sad
4611169.wav-index1.wav, happy,happy,angry,fearful,neutral,sad,surprised
4611169.wav-index2-15.wav, angry,angry,happy,fearful,neutral,sad,surprised
4611169.wav-index2-20.wav, angry,angry,happy,fearful,neutral,sad,surprised
4548039.wav-index2.wav, happy,happy,angry,fearful,neutral,sad,surprised
4548039.wav-index1-20.wav, angry,angry,happy,fearful,neutral,sad,surprised
4548039.wav-index1-15.wav, happy,happy,angry,fearful,neutral,sad,surprised
4548039.wav-index1.wav, happy,happy,angry,fearful,neutral,sad,surprised
4548039.wav-index2-15.wav, happy,happy,angry,fearful,neutral,sad,surprised
4548039.wav-index2-20.wav, happy,happy,angry,fearful,neutral,sad,surprised
4611682.wav-index2.wav, happy,happy,angry,fearful,neutral,surprised,sad
4611682.wav-index1-20.wav, happy,happy,angry,fearful,neutral,sad,surprised
4611682.wav-index1-15.wav, happy,happy,angry,fearful,neutral,sad,surprised
4611682.wav-index1.wav, happy,happy,angry,fearful,neutral,sad,surprised
4611682.wav-index2-15.wav, happy,happy,angry,neutral,fearful,surprised,sad
4611682.wav-index2-20.wav, happy,happy,angry,neutral,fearful,surprised,sad
4604444.wav-index2.wav, happy,happy,angry,fearful,neutral,sad,surprised
4604444.wav-index1-20.wav, angry,angry,happy,fearful,neutral,surprised,sad
4604444.wav-index1-15.wav, happy,happy,angry,fearful,neutral,surprised,sad
4604444.wav-index1.wav, angry,angry,happy,fearful,neutral,sad,surprised
4604444.wav-index2-15.wav, happy,happy,angry,neutral,fearful,surprised,sad
4604444.wav-index2-20.wav, happy,happy,angry,fearful,neutral,surprised,sad
4765208.wav-index2.wav, happy,happy,angry,fearful,neutral,sad,surprised
4765208.wav-index1-20.wav, happy,happy,angry,fearful,neutral,sad,surprised
4765208.wav-index1-15.wav, happy,happy,angry,fearful,neutral,sad,surprised
4765208.wav-index1.wav, angry,angry,happy,fearful,neutral,surprised,sad
4765208.wav-index2-15.wav, happy,happy,angry,fearful,neutral,surprised,sad
4765208.wav-index2-20.wav, happy,happy,angry,fearful,neutral,sad,surprised
4567671.wav-index2.wav, happy,happy,angry,fearful,neutral,sad,surprised
4567671.wav-index1-20.wav, happy,happy,angry,fearful,neutral,sad,surprised
4567671.wav-index1-15.wav, happy,happy,angry,fearful,neutral,sad,surprised
4567671.wav-index1.wav, happy,happy,angry,fearful,neutral,sad,surprised
4567671.wav-index2-15.wav, happy,happy,angry,fearful,neutral,sad,surprised
4567671.wav-index2-20.wav, angry,angry,happy,fearful,neutral,sad,surprised
